churn_event_id,account_id,geo_id,event_date,reason
db4535b3-f38a-4fd8-9420-f3041ca26c1c,0db5de00-b499-4594-ae8a-a4accc50db8e,b8806616-764a-4f02-ac60-c718be6f04f9,2024-07-03 00:35:25,Cancellation
38957c54-2719-4ece-bca9-ae4e669bafa7,332e1bf3-184f-4a4e-87f6-111babcd39eb,7b9cb9ef-0cd8-4b2b-83e0-3913fd70820d,2022-06-10 19:46:38,Cancellation
ac642c9f-cb47-418c-b3ba-8fb27a026482,4078fee7-fb0d-4919-8a7b-412a34208524,f97e321b-ac65-4057-a901-09668427a33d,2023-05-22 11:39:33,No usage
008ff99b-5b7c-449d-8af8-c54941aa321b,5cda723d-0c49-442b-9a6a-a8697665ad2a,cd925617-c58a-49c7-83d5-41cb7915836a,2022-01-14 21:05:16,No usage
cf32add5-757a-41eb-8168-a154169f619d,dce24227-b912-4eb7-882c-e2c57c6ae200,c6bfca28-c2e2-4268-ac7f-2f888a5c6401,2023-08-25 01:55:36,No usage
f44b348b-c3fc-473c-a98b-8f1836255278,bd4a8ad1-4adf-4d8d-9c69-16a2db57694e,6465de2a-d171-47cf-8c70-c744338b243d,2023-01-10 22:29:30,Cancellation
12e53ba1-098b-40dc-be3a-95095d9d11b7,80396936-bb5c-4ae7-b98c-d716cdcd5641,4555fcf6-5a2e-408b-a40e-38d0a6da4bde,2022-12-10 08:57:33,No usage
80b2fd41-9a0c-4e5a-9294-152494ecfa27,fce10f86-daea-4dd5-9632-291317cdcb3b,4898deb9-da65-4a99-9f17-e013bc3c25cc,2023-02-20 09:42:28,Cancellation
038af549-43c6-4ac7-9847-7196b5350162,b8aa515b-53f8-4478-8710-ea4370a6b5e1,f8e719a4-7253-49a7-b6b4-80ac6afd68e7,2022-07-24 00:23:04,Migration
85672716-b33a-4ef4-8bb6-2b4683885a77,33381146-558d-4f99-885b-41e3e0881f59,6220054f-7c0d-4f92-8962-9682f69b589b,2024-10-19 15:01:24,No usage
505e252c-5fdc-47dc-b589-fe6532138225,19959b38-b4a9-409f-bf97-47c9094fc596,2069ac2f-8681-4d9d-8ff6-3fc8888d98ef,2024-09-20 18:37:11,Cancellation
30be5891-030e-4c56-948f-b87b26c0a13d,bf67508c-0a23-4681-890b-88bb534143d5,ca6a3dd3-f966-452a-80ca-0cc1486d9554,2022-06-23 09:22:21,Migration
1691209e-a4c8-48c6-9eee-2111427bac27,6ca07058-e7ff-4264-9b6f-7f6a5800cd8c,9768f287-3f7c-4f3f-9e85-28beb8a815f6,2024-01-29 22:13:48,Migration
f6b01464-9e0b-49dd-a96c-8057f8a9bac7,ef67bc8c-921a-460e-9bdf-c194fd5caa79,fda10fd5-4541-4e82-a935-3502434627b7,2024-03-16 17:38:44,No usage
3d9735cc-d020-4d4f-8e81-5c84878ebb93,f0e604ef-03fe-492f-bd9a-033bc707c25d,a17c8e52-56cb-417f-9033-d0526bc2a589,2022-02-20 22:23:23,Migration
d2570343-b2f5-4cf9-b08e-040744030ae6,d9fd2aac-5771-4f4b-b822-09be629638c8,f8e719a4-7253-49a7-b6b4-80ac6afd68e7,2022-11-30 09:22:52,No usage
f3defd02-46ad-47e9-b740-bf47da0a93b4,ba7f79e2-a3d7-42ca-9b57-58cb1ea61ceb,c6bfca28-c2e2-4268-ac7f-2f888a5c6401,2022-10-08 06:45:04,Cancellation
a1c2055a-f12f-4544-8647-a7b851196767,b043b75b-41bd-4232-a2a9-5e68c10991f5,986cb746-08a3-4f11-a5bd-6ffb7c73a883,2024-07-08 13:00:21,No usage
0c654a7a-6679-4e02-acf9-e2094231188a,3e24ac49-fac1-492a-8cf9-ef319a164d69,ce373f7b-ea9d-41e8-85b7-a385636a93e7,2023-08-25 18:09:23,No usage
41a9838d-b985-4294-aac0-27e3c3d1f07d,1e31dd50-cc9f-4639-a2d8-e5121c9821c8,b9d9e952-3729-466a-99e4-8cb64954f439,2022-11-11 20:43:19,Cancellation
b4baf609-562d-4d9e-b61c-d9d250eda405,85855f38-7ff7-4932-9825-f060562447a0,c68acfda-6db5-405f-ab3d-9e54547cc5df,2022-10-16 15:46:21,Cancellation
441e1df3-5af6-479d-8ec1-495ba68e4272,1e3b98a5-f05e-4e01-a6e7-e1b6b80d5b20,6465de2a-d171-47cf-8c70-c744338b243d,2022-01-22 16:04:48,Cancellation
132ec46d-8895-4d1a-9e0c-30e20aa963ee,c4915b1f-c9e4-4a60-8525-78e494e07afc,81f8b9ca-8346-463f-b3ae-e601e1966c97,2024-03-31 07:05:04,No usage
2e584ee2-d1bb-4964-a322-6809a2455f5a,da0a70f6-49ed-47af-9033-60aba5d0ceab,4555fcf6-5a2e-408b-a40e-38d0a6da4bde,2022-04-06 03:25:07,No usage
c25bb977-72b1-4907-b745-c787ad11e4c3,fb7346a5-9736-4452-8f0f-cbf92ccb9df9,a58288c3-b609-4d9e-976f-0788fc350808,2023-02-04 21:28:04,No usage
0a46c051-dd4c-4550-9d2e-42a19e4b3021,65ba52fe-39d4-4998-99b5-cbae7dd6503f,713b4916-11b7-44e2-adb2-6f39959206ae,2024-03-06 07:33:59,Migration
80900ded-6964-4d99-a60f-05c167967e5e,e8565400-7196-4265-bc50-0652a5783500,ca6a3dd3-f966-452a-80ca-0cc1486d9554,2023-04-19 00:35:32,Cancellation
2d165bed-803e-439c-af19-574aa2d9e27e,80d2e07c-c2ed-4e5b-bcd8-d643f9a5c526,fd4f23c6-0e0b-4a1c-9527-77e78c0278ef,2023-05-13 21:28:59,Cancellation
48afdfb5-7fbc-40ec-ae14-ce97420e6869,dfe3c29a-49df-4ec7-8d53-dd9ad1f749cf,f97e321b-ac65-4057-a901-09668427a33d,2024-05-31 12:54:35,No usage
64e9771b-9971-40dd-bbf2-97fcadb941c8,0927c13d-b2ac-4c33-80c4-8f4856f62f67,449be6aa-4bbd-4733-b7e2-79353d4d7005,2022-11-21 14:10:38,Cancellation
c507107b-16b7-413b-8aae-3fd0aeb2b9dd,a6b21cc5-cc81-4184-8697-a6d9f9ec742a,986cb746-08a3-4f11-a5bd-6ffb7c73a883,2024-06-29 10:33:14,Migration
cdab7bee-858d-4a8e-bba1-655c1b8d2934,8de233ac-eee0-4eea-83f2-3de77de633a2,874057f3-6a95-453d-8573-c217459f7c51,2024-01-07 12:45:47,Migration
a819e246-5d02-4f9a-a6ad-2685fabe353a,e7f1b8de-f436-4287-a440-0702793b2d5f,23b7c8fc-6b85-4bf8-9e48-748d5f296586,2022-07-23 06:30:29,Cancellation
84ada23e-0806-4ff4-af68-b542f291d543,b2961554-54fe-41cd-a88d-9d6204f0927b,f4a1dbe7-d8f0-42bc-82ab-fe34f249654a,2024-08-13 07:25:39,No usage
77cdc6bf-5107-4e2a-b782-584fe3b380d4,e9918000-d8d8-493e-b080-b487ba8216bc,0b6d7c05-babf-4a3f-8a30-ace0df963ca7,2023-12-02 06:44:55,Cancellation
6e26badb-6716-424c-bc02-137820707970,a2ef06a8-31dc-4cc5-8097-9c3e2a1ac9da,986cb746-08a3-4f11-a5bd-6ffb7c73a883,2024-02-03 14:12:39,Cancellation
f9891117-298d-4600-9e83-7d7998d7b4f1,024307fa-855a-4176-ba10-da11d37847dc,81f8b9ca-8346-463f-b3ae-e601e1966c97,2024-02-02 02:26:18,Cancellation
208ccaff-2fcb-4d3b-a2a8-ccc677899bbc,f6f5cdc1-5fe6-4a70-8fd5-a7a9503d43b3,308a661f-1cae-4c0d-a556-c6757629b1dd,2023-01-28 05:29:54,Migration
58a66f0c-3362-427f-baff-a7c72471870f,eb927639-1198-4c9e-a1ba-9973c05d989c,986cb746-08a3-4f11-a5bd-6ffb7c73a883,2024-08-21 22:08:16,Migration
0f6013f9-fcfe-410b-aefe-823bbca7f222,2e38b641-359a-4d47-b123-de303841e0cb,32169ff7-ea26-43ca-9b8f-62b10788f98a,2023-11-11 02:31:04,Cancellation
d698d65b-40d3-4099-9aa9-d3b8d1cb28c6,c4b68c68-82e7-42b9-83c4-80eda9ca4928,7f3e7563-8c1f-4547-a711-9cec2caa5a90,2023-09-24 05:01:34,No usage
7cba6f77-87f0-459e-a69a-955b5cba8417,1223d8bd-36f4-453b-b7d4-fe9572784d63,308a661f-1cae-4c0d-a556-c6757629b1dd,2024-04-13 22:43:32,Cancellation
c8607df9-6df9-43af-9ca9-34420f1cda23,9b74b9be-dd2a-4542-87c4-c64a73e4a3d1,9c5f5fb0-1003-489d-a4f6-75cc1a8ae9c5,2022-01-11 22:52:49,Migration
54a101d4-3e3e-4d7f-9127-35ff8253d86c,8cd90af2-c561-4dcf-a0e3-7d24c5bff2ae,fda10fd5-4541-4e82-a935-3502434627b7,2023-12-14 16:06:41,Cancellation
215e5426-4930-4ae0-9ab6-4103eb69e3c0,7e97c8e6-01b8-4d1a-b4bf-6ece0a326d40,b9d9e952-3729-466a-99e4-8cb64954f439,2024-08-09 11:46:55,Cancellation
ce730b2b-917a-4397-9f19-002aa2ca73b5,d3353df7-406b-43bb-8855-13591f7ce713,874057f3-6a95-453d-8573-c217459f7c51,2023-03-18 21:34:59,No usage
81a55c5d-9926-42d3-a259-300726a00155,65813c3c-237e-4564-93e2-85e24b6ad7e3,fda10fd5-4541-4e82-a935-3502434627b7,2024-07-09 10:00:23,No usage
c6d7176d-0758-4a3f-a310-4fc8d23321a2,ee0046b2-3c4e-4638-ac47-f164ca565270,f556ace5-b699-4fcf-a271-5d9f7351ad1f,2023-01-07 01:47:34,No usage
f4b7ebfe-5cb9-446a-b3e7-ffcbbe8cde65,f06a6fd6-7df0-406a-bbe4-b870271f1504,7f3e7563-8c1f-4547-a711-9cec2caa5a90,2022-01-25 11:23:13,Migration
fb71512a-b195-42b0-aca2-ac793bd5e13c,ad30f225-8064-4f64-bdd2-c36c249c2b34,e64f2851-29a8-4c7e-83c0-58a984a05efd,2024-05-27 07:21:37,No usage
0f810faa-def5-4fa6-a4b7-ef39ee9efbfa,2151b178-091d-4124-88a8-c12d08407ff5,986cb746-08a3-4f11-a5bd-6ffb7c73a883,2022-03-25 23:57:49,Cancellation
67a59c95-f574-4bff-a4b4-59502e0c1874,88aca639-aa9b-48f1-8091-57fdc81f5be9,b1157b1e-d7ac-4a4f-8854-41f6d481c09b,2023-09-04 14:57:33,Migration
c14ecbc3-9929-4484-b126-e5f1d65f1605,38ee1c25-93f3-4fcd-8ce9-0de2cafb3864,308a661f-1cae-4c0d-a556-c6757629b1dd,2024-08-08 08:46:55,No usage
fdfcbf50-0cde-41d9-98c9-0417523201ea,2145c853-25f2-4bc9-9f2b-b5ffc00f6284,9c5f5fb0-1003-489d-a4f6-75cc1a8ae9c5,2022-03-23 22:12:35,Cancellation
4a0ada69-606a-4b06-96c8-0729de1bbd00,87a91bbb-2340-442f-8626-fdc2d9b23738,449be6aa-4bbd-4733-b7e2-79353d4d7005,2024-07-18 17:30:04,No usage
2d4fc3a6-b07e-4044-8aed-7aff459933c0,5af12ac8-3831-48a0-8cc5-5594e694a2aa,d3b58f8b-c9b8-449d-afa7-046a5607b449,2023-10-03 20:24:30,No usage
fc8f9c69-211b-4398-b6b3-0002692901e1,a8f6d769-1be4-410c-8442-b632732a844e,e64f2851-29a8-4c7e-83c0-58a984a05efd,2023-05-26 00:20:19,Migration
ee48074e-4ce6-4952-b0bf-095853abac4f,7f272648-278d-4e44-ba51-a2fef1298f46,2069ac2f-8681-4d9d-8ff6-3fc8888d98ef,2022-12-06 06:42:51,No usage
cc31b6eb-1964-46ca-9c0c-201b38b439c0,3023230f-0eef-4dc2-a24b-dab4857cc5df,6220054f-7c0d-4f92-8962-9682f69b589b,2024-02-17 11:17:08,Cancellation
d1d90ccd-b0d4-4520-862f-81a01c3f7264,e00c22b1-a8d3-41d2-8a5e-9e95b2ad51e1,07a8c1b6-edd7-42ea-8ee5-59501a0ec2fe,2022-03-29 13:59:14,No usage
c9ea1576-60cd-4616-82e7-296483d6ade4,d034bba9-9cfd-4dee-9220-7fbcd8cb32b1,f4a1dbe7-d8f0-42bc-82ab-fe34f249654a,2023-06-20 08:22:42,Migration
e283d4ab-850c-46d3-8083-da354fd1915b,b3f65666-6d33-4adf-86a0-2c027c81003c,9c5f5fb0-1003-489d-a4f6-75cc1a8ae9c5,2023-06-29 08:27:14,Migration
b7bed233-f26b-419e-a476-cc1043775417,49b83c09-5e12-42f7-a673-3d1317e560e8,4898deb9-da65-4a99-9f17-e013bc3c25cc,2024-04-05 03:45:28,Migration
a391dccb-452c-4ecf-8d64-60ab8186af15,c59d9c80-97fc-4b26-ba95-3023f331d582,308a661f-1cae-4c0d-a556-c6757629b1dd,2024-07-12 17:10:31,No usage
ccc57b99-032d-447f-8fb0-78cdb39711ca,c5f0089b-1cb1-4176-ab59-dbba16170837,308a661f-1cae-4c0d-a556-c6757629b1dd,2022-12-01 03:58:09,Cancellation
c8b0bb58-b985-4342-b47c-a0e7d482effb,25d36069-4a2d-43bc-9a1d-83bdde773213,fd4f23c6-0e0b-4a1c-9527-77e78c0278ef,2023-02-02 13:17:40,No usage
16917bbf-b7d0-478c-9132-93f7eb2be91a,adbcf5a0-8902-4ec9-b9fa-0705554dcd6d,7f3e7563-8c1f-4547-a711-9cec2caa5a90,2022-01-21 06:25:06,Cancellation
470be3f3-53ed-4afa-bdd5-5c99aa34c605,d9d1c499-eac2-4fea-a252-f7391fff07ec,b1157b1e-d7ac-4a4f-8854-41f6d481c09b,2024-05-29 20:37:06,Cancellation
e8aeced2-c4bc-40f0-bcda-f07b07e16293,1bb1c70e-894e-4834-aa58-ae1710c0ef43,b0b30ba9-1373-4d34-b2e3-4950984f2c16,2023-05-04 22:22:32,No usage
9865a079-d00c-4e5e-80f6-62055b036f58,b861599b-ca7b-402c-83c8-708622e735f9,fd4f23c6-0e0b-4a1c-9527-77e78c0278ef,2023-09-22 14:13:39,No usage
280707ff-9d5a-48fa-ac55-fd32c86b2196,538f249c-3972-4e6d-b3ed-360a321d05c7,2069ac2f-8681-4d9d-8ff6-3fc8888d98ef,2023-06-25 17:54:37,No usage
b25606ef-a2a8-448c-b212-705145e62342,48b13746-f0b3-40d1-acf7-64b5a628f4c3,b1157b1e-d7ac-4a4f-8854-41f6d481c09b,2023-05-07 04:22:24,Cancellation
4d2bde7b-c16d-4726-89f2-2fee077a241c,33ee8408-4b67-4cf8-8f41-ad8d570f010b,96cee407-b3be-4f54-a08b-c4cf5f5f46ba,2023-07-14 09:58:59,Cancellation
4a8a3eb6-8cac-41e5-beed-2d6c1f05f91b,01ee506a-0f51-42c5-a0ca-09955f1dec44,f556ace5-b699-4fcf-a271-5d9f7351ad1f,2024-12-04 23:12:08,Migration
cc9a54f3-8b85-4560-a229-2bcff8b3ffbc,e21151e9-5853-4e04-9876-ed8232f998b8,5050f307-f787-4047-8d37-2cedc48c3557,2022-08-25 00:50:54,Migration
3b91dec0-f695-443a-b928-a8ea2a65c328,37e372a3-35f5-4c4d-aedf-6b4d06c35da2,a58288c3-b609-4d9e-976f-0788fc350808,2022-08-31 06:41:07,No usage
5b595341-111a-4b76-8646-b36580119ceb,806c4388-56f9-43ad-ae2a-ebe0a7cc369e,d3b58f8b-c9b8-449d-afa7-046a5607b449,2022-08-25 04:43:52,Migration
93184ba2-9964-4782-94c2-ff01d8b43c16,027d2d4d-0f47-4972-b9be-01a50343d9e8,07a8c1b6-edd7-42ea-8ee5-59501a0ec2fe,2024-02-26 22:44:42,Cancellation
db95447f-e804-46dd-91f3-cf3c81f17cfc,da77267b-14e3-4bd8-a939-45fec5b36dc0,c133e573-2208-4233-91cd-3d742dfb8915,2024-07-14 18:18:39,Cancellation
305fa2f6-7997-4714-8de8-0185ba767db5,68fd3813-04b6-401e-b34e-ed9fb54801b8,cd925617-c58a-49c7-83d5-41cb7915836a,2024-01-16 23:05:38,Cancellation
32da9da9-0513-456d-a13a-1e0a17590e5e,526dbe5d-2b99-4933-89ae-d19ea018d7c1,b8806616-764a-4f02-ac60-c718be6f04f9,2024-08-25 14:39:40,Cancellation
c332ac12-5486-4cee-b81d-0e090f0749f7,e00c22b1-a8d3-41d2-8a5e-9e95b2ad51e1,ca6a3dd3-f966-452a-80ca-0cc1486d9554,2022-08-10 00:06:11,Migration
4ad69e96-750b-4192-ba67-72376bad690e,254f1e84-36cb-480c-88f7-3d452547c7c6,7f3e7563-8c1f-4547-a711-9cec2caa5a90,2024-03-18 10:43:14,No usage
ecba41eb-61c5-401a-b750-ee98e38f5dae,65274a7c-3564-444e-8f73-9d9a9bf229ca,923fe915-37eb-4281-ba65-655838745c18,2024-10-22 02:06:47,Migration
53481f3a-ba14-4dc2-bc53-0bb529a04d14,fa7d26fc-f536-4eec-9000-0c1d60e3af5d,449be6aa-4bbd-4733-b7e2-79353d4d7005,2022-02-19 00:26:34,No usage
d7715edb-2853-4842-8923-3a05a1f6a4f7,1107d97e-4547-46f6-be41-306f584d938d,6465de2a-d171-47cf-8c70-c744338b243d,2022-11-04 17:26:31,No usage
9ff46b1f-e99b-45d5-a093-596da7754b65,2a1568c8-72d8-4e57-af7c-953db5cfcb16,ca6a3dd3-f966-452a-80ca-0cc1486d9554,2022-05-06 00:12:53,No usage
d62a8408-631f-4154-a3d0-5b955ab14b81,bc2a2cc9-749e-4abf-a6c1-8e6e5b2da6e8,eab23103-61b8-42e6-b8e4-27bdae31cde6,2023-09-22 14:43:19,No usage
77175de0-8c9f-4cf8-8387-b104101946b4,e9055615-1ec9-490f-951d-762c5b2c7bb4,32169ff7-ea26-43ca-9b8f-62b10788f98a,2022-06-26 03:32:51,Cancellation
26b556a4-3dee-452e-ae19-4c6c49cca2a8,a91ba9fa-5c29-41db-980b-480fdfd065a9,ca6a3dd3-f966-452a-80ca-0cc1486d9554,2022-01-29 12:05:12,Migration
1b9a5aff-e2bc-4eed-b125-aae9b41e4f12,b043b75b-41bd-4232-a2a9-5e68c10991f5,f556ace5-b699-4fcf-a271-5d9f7351ad1f,2024-08-29 19:44:35,Migration
b44a4674-5dac-415c-9d68-61769cf04c26,41de7568-b0c3-49d5-a472-9414b314b2d9,7f3e7563-8c1f-4547-a711-9cec2caa5a90,2022-03-12 14:20:48,No usage
c8100c5f-6c12-432a-aa44-99a3d66ab7b8,dd6ae09d-b5c6-40f6-bf96-b21ae2365256,ca6a3dd3-f966-452a-80ca-0cc1486d9554,2024-03-18 07:10:39,Cancellation
af5718be-7f3d-4c06-a317-bf05772e6ab2,336a6546-6076-4226-8623-4b3bda1c7a96,308a661f-1cae-4c0d-a556-c6757629b1dd,2023-09-21 09:24:14,Cancellation
33c3b24f-4f03-4f91-98a4-1690f449c58b,cf871bf7-f0ae-4e82-b297-b57354308c56,92281d5b-28df-4ff1-9663-dc6f0896606d,2024-02-28 00:22:08,No usage
dab39a65-2dcb-43f2-92d0-c19711e840d2,09e081e9-f0cf-4cfd-bc9d-11a20dffc7ab,65571c78-d8ce-46d8-8fd7-1d487c346d71,2024-03-04 09:36:01,Migration
ff651b00-afba-452b-ac96-83c0abb1b829,5020db8f-efcd-4e14-b4e8-99566dfe7742,986cb746-08a3-4f11-a5bd-6ffb7c73a883,2023-09-10 02:03:45,No usage
a114f888-b3c7-44cc-9c4f-0a23c3333627,763a24e7-f055-489c-b480-9f6462bcd62a,fd4f23c6-0e0b-4a1c-9527-77e78c0278ef,2022-06-22 17:24:35,Migration
687c41d5-344e-4a5e-aa33-89cc490361d7,5aa3ce34-d13f-4871-a619-4b6687b7c4d7,b1157b1e-d7ac-4a4f-8854-41f6d481c09b,2023-11-14 13:09:39,Migration
5def6d8b-7f11-4574-99df-860acb306484,489ca004-608a-478c-980f-decae7e8ff9a,6220054f-7c0d-4f92-8962-9682f69b589b,2022-08-08 15:48:51,Cancellation
27465449-d471-4e5a-9185-2c1ccb811036,cfce9175-ec36-4c6a-8e4f-158f36be56f6,4555fcf6-5a2e-408b-a40e-38d0a6da4bde,2023-06-26 06:38:00,No usage
4e7ad8a5-c186-4e61-b71b-7533401fe767,69dfa322-2ba0-4b38-af38-37f65a0819af,b1157b1e-d7ac-4a4f-8854-41f6d481c09b,2022-02-09 23:43:26,No usage
985fa26c-6bda-4a69-827a-b98f780100b6,9510c100-f7dd-4c07-b920-249f667a9ff4,23b7c8fc-6b85-4bf8-9e48-748d5f296586,2023-05-08 20:44:05,No usage
d3c9a292-0a7b-47a5-923b-44c33dc7e658,336f4ba6-32db-4a5d-ae87-1f9d2cc28d20,9b32730c-197d-4128-9e8f-a9c485970207,2022-01-18 04:10:19,Cancellation
43ad9f8b-188a-4e1e-8641-0328906c157e,6999801a-b654-4fee-8e90-f94012a8d057,b9d9e952-3729-466a-99e4-8cb64954f439,2023-05-10 23:10:36,Migration
06fbd85b-364b-4d85-8c8c-6d06a048bd54,b4693a73-e581-4d99-b27c-9526676e6c16,874057f3-6a95-453d-8573-c217459f7c51,2023-04-28 12:37:10,No usage
b8142676-391a-49f8-aa9a-53e873725b19,f78c4d86-ad08-4652-a595-ee11506d5f23,c68acfda-6db5-405f-ab3d-9e54547cc5df,2024-06-24 16:47:52,Migration
6b33db66-97e5-40eb-bfe3-422deea97795,5e0d3e6f-ec71-412d-b3fe-6077fd5b009d,408d6888-5f5c-4dd1-8d5e-e6145ccf5268,2023-11-20 21:04:53,Migration
2bc2c407-b163-4c84-be6d-2814b655ccf9,239431f2-364c-4b28-8e01-ce99ddb7ef4b,f97e321b-ac65-4057-a901-09668427a33d,2023-02-14 21:59:32,Cancellation
3d930872-883a-4ba5-a0a9-3b8a504d04b8,bc2a2cc9-749e-4abf-a6c1-8e6e5b2da6e8,fda10fd5-4541-4e82-a935-3502434627b7,2023-01-29 12:44:23,Migration
32cc7247-0391-40cd-99c2-b71781addc81,404d3564-9a14-4d5d-a35a-5c0736bdabb0,96cee407-b3be-4f54-a08b-c4cf5f5f46ba,2022-11-18 12:39:03,Cancellation
f6cf8d47-6ba3-4e98-b184-36ec027f213e,41a6dff5-0a86-4c7b-a834-383d197f0e0b,4555fcf6-5a2e-408b-a40e-38d0a6da4bde,2024-09-29 02:58:40,No usage
1c3ffa45-2dd7-43af-aac2-3ddcbe492ed2,0b592c4f-4bbc-479d-afd6-3875a53974bf,923fe915-37eb-4281-ba65-655838745c18,2023-10-02 06:24:24,Migration
f7e754a2-4a5f-41b8-854a-9a1d7699a363,7e667bf2-92f9-4cc9-8a72-3bf7b771ddc2,cd925617-c58a-49c7-83d5-41cb7915836a,2024-03-04 23:06:32,Cancellation
5b328d6b-c17c-442d-bff7-4f686ac0837b,d034bba9-9cfd-4dee-9220-7fbcd8cb32b1,308a661f-1cae-4c0d-a556-c6757629b1dd,2023-12-05 06:09:55,No usage
c089e5d7-8bad-4cad-91b2-a0fa3459e7dc,afd85fa5-408a-43be-bb53-a8447964d817,449be6aa-4bbd-4733-b7e2-79353d4d7005,2022-03-19 06:10:19,Cancellation
65de1c3a-134c-4b10-96b7-695bd5820013,643cbdbc-dc7e-43d9-9023-c0d82ade2fe9,b9d9e952-3729-466a-99e4-8cb64954f439,2023-10-18 04:22:35,Cancellation
99ad7b50-9710-44c9-8c09-752a648768a3,bda18850-6ff3-4190-8064-30cbb80e9b8f,0b6d7c05-babf-4a3f-8a30-ace0df963ca7,2022-09-23 22:14:24,Cancellation
0f4797c7-315d-4640-bfe5-4ba3799d097d,4c3e2a52-dd77-484c-8e7f-60e8940ad7d4,c47f4c8a-816e-4d6a-9b91-e79cf635d0e5,2022-01-17 23:46:48,Cancellation
864d374f-8204-46ac-ace8-6c4aae7c36c9,c65a1f12-60f8-41a4-851a-7f336d33d494,f97e321b-ac65-4057-a901-09668427a33d,2023-11-03 14:01:29,Migration
6e2e8b28-639e-4785-ac23-6a6e1df39e44,f603179b-9b33-4b07-9716-3b0d966fde5b,c6bfca28-c2e2-4268-ac7f-2f888a5c6401,2022-01-03 12:10:12,No usage
02cfcfbb-482c-4386-b5df-e01dd9caa18e,2c56af14-1708-4454-86ae-6340948cf71c,9b32730c-197d-4128-9e8f-a9c485970207,2022-09-10 16:42:11,Cancellation
aef767a3-d64d-420b-aac1-0eb5711c08da,a871387f-3ff2-44dd-a42c-bf8833d4987e,c47f4c8a-816e-4d6a-9b91-e79cf635d0e5,2022-02-09 08:20:38,No usage
6a8eb2a6-fb49-4818-aa4e-7588c086a77e,c9fec752-ed8e-4c05-94eb-3c3590f1f62e,b8806616-764a-4f02-ac60-c718be6f04f9,2023-02-10 19:35:01,Migration
a40536c2-0239-47d6-ae87-9893fa9ebde9,bc2a2cc9-749e-4abf-a6c1-8e6e5b2da6e8,a58288c3-b609-4d9e-976f-0788fc350808,2023-09-14 16:20:09,Migration
fe377abb-0263-4ba1-989c-2f1446951b84,f8c24cb5-37a5-41bc-9f2f-9a62c44bf4dd,b9d9e952-3729-466a-99e4-8cb64954f439,2022-03-13 11:30:29,No usage
6e9da4c0-1224-460e-bf6a-272fb2ca0819,5334ef7a-997b-46f3-ab5c-309fd9076188,b1157b1e-d7ac-4a4f-8854-41f6d481c09b,2024-06-20 15:26:27,Migration
b87bc381-3f78-42bb-b4a2-e85ec1ca16b9,e4baac31-6247-4aab-988d-b51eb1aaf704,c133e573-2208-4233-91cd-3d742dfb8915,2022-09-11 20:31:17,Cancellation
a01b41a1-a457-4e8e-9db1-df5d7584d5c4,d5c374e9-6275-487a-a44e-d3d56517ed29,382a30ba-7fca-4b36-b4f8-14feb2a55572,2023-03-01 13:17:11,Cancellation
76a4feee-6484-4bed-9249-bbf33048167f,a304113b-849a-406b-9157-4a0bcf3a74d2,b0b30ba9-1373-4d34-b2e3-4950984f2c16,2022-01-03 20:19:23,No usage
ce04a947-b450-4e15-96b2-6364c43aebf6,42ad235d-646f-4688-bec8-cd6106315ffe,c47f4c8a-816e-4d6a-9b91-e79cf635d0e5,2024-10-07 17:17:53,No usage
9b4c0954-0bd5-4b84-be75-996147c266d6,c13b01cf-f8e5-4e4d-b561-b22c737afe68,449be6aa-4bbd-4733-b7e2-79353d4d7005,2023-08-12 22:13:11,Cancellation
abcd2f1e-ee84-4e9d-9a01-1488101fba2c,38ee1c25-93f3-4fcd-8ce9-0de2cafb3864,fd4f23c6-0e0b-4a1c-9527-77e78c0278ef,2022-02-22 09:24:12,Cancellation
b44dbafb-64be-4d44-8095-595337040136,fbd6b66e-02de-4bca-9da4-ada994083bc7,f4a1dbe7-d8f0-42bc-82ab-fe34f249654a,2024-11-24 19:11:06,No usage
3b94e188-885c-4834-8376-07ea64dc22d9,2733e8fb-b67c-4df9-b81f-e1e753293b79,5050f307-f787-4047-8d37-2cedc48c3557,2024-08-14 15:48:22,Migration
456d5c7d-4708-4b88-88a9-d34b60558a02,ba4600c4-6a01-4574-b7ea-56b00bcf52a2,874057f3-6a95-453d-8573-c217459f7c51,2022-01-20 11:48:29,Cancellation
04e06046-1a68-4ea3-8516-96ff53bb4f7c,8a35273c-28cb-44af-ae5d-41f8cf96a449,fd4f23c6-0e0b-4a1c-9527-77e78c0278ef,2022-09-17 08:30:35,No usage
2657141d-aff0-4fc1-ab61-3e9fe513f742,c95ffe23-3761-468b-b6a0-7714c5630206,92281d5b-28df-4ff1-9663-dc6f0896606d,2023-06-25 08:19:14,No usage
d03a2dbc-6c50-48d4-ba68-585e28fd1eb8,16b39b16-1097-447b-ad99-848815d5f43d,b9d9e952-3729-466a-99e4-8cb64954f439,2024-08-31 02:20:08,Migration
65385997-27d4-4e8f-9032-49754bc70631,24effefb-5c42-45db-a999-06658bef3726,96cee407-b3be-4f54-a08b-c4cf5f5f46ba,2024-03-29 18:35:40,Cancellation
158c678a-1e29-456c-9a4f-62336fbd7e76,c0b16ca6-3b01-4953-b4fa-9274215e29a6,6465de2a-d171-47cf-8c70-c744338b243d,2022-09-15 04:04:04,No usage
30e2b0cd-5818-431f-a1a4-9fd2ea05b751,bc29f340-1936-4fee-86cb-9753e3c297ae,7b9cb9ef-0cd8-4b2b-83e0-3913fd70820d,2023-01-25 05:23:36,Cancellation
0541123a-91f9-4470-8635-ccc3891d1101,e17f01cd-1718-4372-8f46-49cad64550ab,7f3e7563-8c1f-4547-a711-9cec2caa5a90,2023-10-15 16:00:39,No usage
f14e300a-4052-422a-be2e-35c70742d58d,8fc6837c-95f8-449f-a871-cf273b6eda5a,d3b58f8b-c9b8-449d-afa7-046a5607b449,2022-09-13 02:48:45,Migration
6edd1b2d-0375-4b10-aea7-1c457324ecd2,401d7df4-8119-4598-955f-3433b0181329,32169ff7-ea26-43ca-9b8f-62b10788f98a,2022-04-13 12:43:05,Migration
c372239c-1c8a-4ca0-9e0d-f19c73799aaa,5d825f0a-a6b5-4284-a4e6-1e11057446cc,23b7c8fc-6b85-4bf8-9e48-748d5f296586,2023-08-12 04:40:34,Cancellation
fcf0ba6c-4f63-4fac-a4e9-7ba55a1ff974,bc2a2cc9-749e-4abf-a6c1-8e6e5b2da6e8,f556ace5-b699-4fcf-a271-5d9f7351ad1f,2023-04-02 17:36:32,Cancellation
33e2bc38-fd28-4efa-a28f-5604d3f4b7c8,2e255fc9-dcb7-4cfa-a9db-272e85610cce,96cee407-b3be-4f54-a08b-c4cf5f5f46ba,2024-10-19 09:11:22,No usage
5f650591-314c-421a-aa38-e62c2cdd5d65,5e31c70d-2e93-4c67-924c-7fe60dacdcb4,f556ace5-b699-4fcf-a271-5d9f7351ad1f,2023-09-08 21:47:59,Migration
fcf3fc7b-fca1-4d0b-a6f3-8b59aef9fc9d,7e4b8fd1-86d2-41aa-a9f1-c958fcae5407,f556ace5-b699-4fcf-a271-5d9f7351ad1f,2024-02-28 20:05:22,Migration
8d8c7ec1-5d6b-4360-bdfd-22cdd4be2d4c,1283cac1-2f3b-4edc-9806-62e32268ef19,f8e719a4-7253-49a7-b6b4-80ac6afd68e7,2022-03-11 04:05:57,Migration
f20ffe7b-3ded-4cf4-bc7b-cfbe81e98f24,c8250558-0018-4a03-ba25-e1e3d8a7ceb7,9c5f5fb0-1003-489d-a4f6-75cc1a8ae9c5,2023-09-30 22:02:21,Migration
d9e18831-c0ef-4794-9eb7-00d39c7f9a4f,4cf74b27-4403-4904-9675-6d81c056efd1,2069ac2f-8681-4d9d-8ff6-3fc8888d98ef,2023-05-29 09:14:16,No usage
b969cb7f-b4d0-487d-8494-dcef58aa16e2,9d9be148-810e-4263-8852-bbbbc14184a8,c133e573-2208-4233-91cd-3d742dfb8915,2022-05-20 08:35:39,Cancellation
3e024bec-2d7d-4126-83a1-ef3a561706a0,010304b5-996b-45ab-8a8c-f6114de41e74,fd4f23c6-0e0b-4a1c-9527-77e78c0278ef,2024-11-11 01:17:21,Migration
71b87ca7-7e57-4d2a-9875-a2aaa8f8f2fd,0bad517b-8d90-497e-a34b-d8e03fd7109e,eab23103-61b8-42e6-b8e4-27bdae31cde6,2022-08-10 22:33:47,Migration
2551ad23-ca8c-44e1-b282-c41f01495ac1,0b43b871-cf75-47bd-a0b4-e52ee1ef90bf,9b32730c-197d-4128-9e8f-a9c485970207,2023-11-11 14:50:03,Migration
1d332eac-bbbc-46d7-ac64-fab0e4f752c3,e97572f4-3daa-40c7-bdb2-c0be06c206e6,4555fcf6-5a2e-408b-a40e-38d0a6da4bde,2023-11-23 04:24:53,Cancellation
693a8fc3-84bc-41aa-91f5-d474afb1934a,6da2a239-cd58-44c5-a25a-753816fed32a,449be6aa-4bbd-4733-b7e2-79353d4d7005,2024-07-31 04:00:35,Cancellation
e731e846-51fa-4337-8356-8ab7b24f33ed,ae02f97c-4321-40a8-80c4-df2fa1f63321,c68acfda-6db5-405f-ab3d-9e54547cc5df,2023-04-26 18:09:08,Migration
98af8054-f57d-4fe1-8099-057d3855d9bd,cbee2c59-6ed5-4d36-961f-335874cfac05,c6bfca28-c2e2-4268-ac7f-2f888a5c6401,2022-06-11 05:06:43,Cancellation
eaa6f338-74f2-48f8-87b7-a6b199fc66b1,336a6546-6076-4226-8623-4b3bda1c7a96,9b32730c-197d-4128-9e8f-a9c485970207,2023-11-22 13:37:45,Cancellation
f9142225-72b7-4c0a-8a8d-aeea1eb0bd9c,ef19d6a0-0bb3-4544-ae9b-1cdeea25535f,308a661f-1cae-4c0d-a556-c6757629b1dd,2024-05-05 21:55:23,Cancellation
98012569-c744-4d3e-9434-34fc72c69351,98e14942-08be-4300-88d0-a844066695fd,07a8c1b6-edd7-42ea-8ee5-59501a0ec2fe,2022-12-09 19:16:52,No usage
63e884d4-faf2-42ac-8f30-119cd7cb242c,0ff10d59-5a82-4024-8556-77ebff8f4439,65571c78-d8ce-46d8-8fd7-1d487c346d71,2022-11-08 13:01:26,Migration
a87dae69-ba5d-4d0a-ac3c-09353ed404de,b6ef41df-44e6-429f-a0b6-afa65b669dbe,c47f4c8a-816e-4d6a-9b91-e79cf635d0e5,2023-01-16 12:26:06,No usage
2846f7f1-e737-454a-8ccd-5dd9eced3eb8,3ee248a0-fc1f-4d44-9d00-c39728120be9,b0b30ba9-1373-4d34-b2e3-4950984f2c16,2023-01-13 17:10:08,Migration
aa3f20e3-cbb7-4ff5-8148-365eb0aa6cc5,d0920170-34ee-4edf-b25b-5d12d3093b32,a58288c3-b609-4d9e-976f-0788fc350808,2023-07-21 10:23:36,Cancellation
cb429449-9473-49fb-b5e8-5cf351d8458e,516e2b98-1fd8-401a-b844-f0ca3327a9f9,7b9cb9ef-0cd8-4b2b-83e0-3913fd70820d,2022-08-11 01:12:24,Cancellation
9370c090-148d-4942-b560-0c1c07fc006d,27a9e270-0c86-4421-b935-7bb2e078b0d8,ce373f7b-ea9d-41e8-85b7-a385636a93e7,2024-02-14 02:07:06,Migration
59ef8149-10eb-463d-9781-ea9d34a3e952,65ba52fe-39d4-4998-99b5-cbae7dd6503f,a17c8e52-56cb-417f-9033-d0526bc2a589,2023-03-13 12:17:26,Migration
da6d414c-298a-44b1-a1da-deb082a446d6,0a0d9d66-decd-4acd-b95d-d423bca4510b,449be6aa-4bbd-4733-b7e2-79353d4d7005,2023-12-30 22:05:12,Migration
f544c9a8-5965-4b0b-acb3-a8f8f03e51f6,5242bd28-b523-458d-ac35-27a8bf87b0fe,e64f2851-29a8-4c7e-83c0-58a984a05efd,2023-04-27 23:53:45,No usage
2e59fc08-0a96-4cf9-9671-9ef835c8a631,db8618fe-d1b3-460c-bedb-18b59274b232,c47f4c8a-816e-4d6a-9b91-e79cf635d0e5,2023-09-17 20:13:25,No usage
f1682467-dc54-4247-9886-83b8b4815b44,868b252b-a565-49bc-b6ea-36169c8badc2,449be6aa-4bbd-4733-b7e2-79353d4d7005,2022-06-04 14:19:52,Cancellation
70c8f74b-73cf-4f37-aa80-4c36b3b3ddee,cbee2c59-6ed5-4d36-961f-335874cfac05,b8806616-764a-4f02-ac60-c718be6f04f9,2024-10-22 04:47:39,Cancellation
f9e8174d-7e4f-4517-9dcb-3798e86b3bac,017190ee-de32-4108-94f1-00641c28908d,92281d5b-28df-4ff1-9663-dc6f0896606d,2024-08-27 11:23:38,No usage
c4173d21-aea9-419d-a2a9-289626d289a9,3d233c91-073a-4db7-a679-f041b657b25a,9c5f5fb0-1003-489d-a4f6-75cc1a8ae9c5,2023-11-26 05:47:11,Cancellation
cde6bd10-0341-4eb1-b8f2-34683accd6a7,5f487916-a94d-490a-a2cb-b5e429e08bf0,eab23103-61b8-42e6-b8e4-27bdae31cde6,2024-03-07 03:34:47,Cancellation
8a010210-3f51-4c15-b680-002011ba8e06,76ddc6de-ca8a-49e1-9773-efc91a38418b,6220054f-7c0d-4f92-8962-9682f69b589b,2022-12-04 23:18:29,No usage
c7186730-a7ac-41fc-aaa3-b5cb3844b211,38cfb2a3-1160-4a80-9c6a-32361af1a09b,cd925617-c58a-49c7-83d5-41cb7915836a,2024-01-08 13:56:22,Cancellation
6cd33046-3da6-4346-93d2-842cba17bb5d,f47b4def-5bf0-4ef2-abca-8e11d6510609,32169ff7-ea26-43ca-9b8f-62b10788f98a,2024-09-21 14:33:16,Cancellation
1bc0c7ec-6b82-4db4-b142-f025661beb74,1eac4f96-622c-4290-b3e2-af4194e92b5d,874057f3-6a95-453d-8573-c217459f7c51,2024-12-25 07:56:14,Migration
658b9599-9520-475e-8733-fcaf2ea48ef2,9536bb6c-7f0a-4bbd-93e8-c34db3005d58,92281d5b-28df-4ff1-9663-dc6f0896606d,2023-05-24 00:49:03,Cancellation
3a2c5494-80ba-4380-8026-ef249d884253,064f336d-1bc3-40a1-ae8f-ac9f64bcd422,713b4916-11b7-44e2-adb2-6f39959206ae,2023-07-06 06:50:31,Migration
6da7b78e-1d1a-47ed-80f0-bf773a825189,00882056-63a7-4c23-9635-c81d5c300276,f8e719a4-7253-49a7-b6b4-80ac6afd68e7,2022-04-21 09:25:21,No usage
250b550e-308c-4508-b1d4-0a69af0595e2,d7ae3cdf-baf4-4574-84cc-941aead816d3,4555fcf6-5a2e-408b-a40e-38d0a6da4bde,2023-08-10 19:29:06,Cancellation
3407c565-fc2a-4275-ad33-0a275606495a,5811644d-df8d-4272-b7cd-b7ad7b0d0c30,e64f2851-29a8-4c7e-83c0-58a984a05efd,2024-07-18 23:19:53,No usage
4023d196-1bfe-4cc9-b0d6-b44c1c5ba462,5e6a0dcd-c53c-46a7-a58f-abd79cb777ec,c47f4c8a-816e-4d6a-9b91-e79cf635d0e5,2024-08-20 18:05:47,Migration
2d8c70f1-d3ce-4a0f-ab1a-68a8a7ba83fd,9663c88a-14c1-4f07-b0b9-a24c9172601a,b8806616-764a-4f02-ac60-c718be6f04f9,2024-11-08 02:52:08,Cancellation
6baee946-7da7-43a4-a5a2-880ba5998a27,f025fba7-88e1-4125-a153-9d042be4c959,c6bfca28-c2e2-4268-ac7f-2f888a5c6401,2024-07-19 19:05:58,No usage
7cd9b3b4-b9e0-4813-8983-4ed3a3cc26d7,1a56e9b2-4834-4e6e-947d-87264413e29a,e64f2851-29a8-4c7e-83c0-58a984a05efd,2022-04-11 21:20:31,Cancellation
38d5b84a-a0ab-43f0-897e-e43e77c20fbe,b77997d7-205e-47ac-b408-6ddb47ea6811,f8e719a4-7253-49a7-b6b4-80ac6afd68e7,2024-08-25 07:39:39,Migration
ad43618f-897c-465b-98d9-fe9299035b6b,00355760-eedc-45fa-811d-44fa68a592fc,713b4916-11b7-44e2-adb2-6f39959206ae,2024-05-11 23:45:06,Migration
6d31eaa9-0195-4776-8a65-ec2cd19ed18f,e364a030-eddf-4b1c-97ba-af70c22013d1,d3b58f8b-c9b8-449d-afa7-046a5607b449,2022-11-11 22:56:49,No usage
e4443b5a-3ab8-4a5e-93d0-4257507712c3,2622dbad-482d-4ddf-8c74-12551cc08668,a58288c3-b609-4d9e-976f-0788fc350808,2024-11-18 13:15:53,Cancellation
88cd5a86-fd3a-4d60-a652-e21ae9622836,bea78095-5df6-4c2b-a452-517fc55a1376,07a8c1b6-edd7-42ea-8ee5-59501a0ec2fe,2022-07-08 09:05:25,Migration
99ff165e-fe39-432d-8ef5-728dde03d8c4,4a3e334d-63ba-4d7a-8205-9e0a6c955259,6465de2a-d171-47cf-8c70-c744338b243d,2024-11-19 14:14:11,No usage
02151a5b-9329-4745-8942-4e0d53068a38,7da4924c-5071-4d79-a06d-9324c5276d70,b1157b1e-d7ac-4a4f-8854-41f6d481c09b,2022-07-29 03:29:13,Migration
063dabd2-73f8-4394-ab43-ae0a4c302288,f879dd17-5655-4df7-b1ea-5f1aebf86b60,ce373f7b-ea9d-41e8-85b7-a385636a93e7,2024-10-08 21:00:09,Migration
7da672b9-7504-400b-90ac-c348784bba59,d3f78aae-b869-462c-8f0e-242366e30b28,0b6d7c05-babf-4a3f-8a30-ace0df963ca7,2022-01-10 12:58:20,Cancellation
98f3f04f-8844-4fdc-abbd-022890267451,5fedf17f-98ca-4235-b781-5ff8eaab283b,7f3e7563-8c1f-4547-a711-9cec2caa5a90,2024-09-23 23:07:23,Migration
9a4ea20c-ceaa-4cff-8933-8120ef0e5d43,82070d9a-0c65-4c57-ad7c-a0147e18a9d3,2069ac2f-8681-4d9d-8ff6-3fc8888d98ef,2022-04-03 13:39:33,Cancellation
b26cea84-8bfe-4e14-82b3-a3289e4abe0d,a826bee2-9e29-44b2-a6d3-b6ee3c7a3961,4898deb9-da65-4a99-9f17-e013bc3c25cc,2023-02-26 04:34:35,Cancellation
2aa020fd-5dca-4ed4-a9b3-ffb475203d05,e21151e9-5853-4e04-9876-ed8232f998b8,6465de2a-d171-47cf-8c70-c744338b243d,2023-05-11 17:59:39,Migration
ff650af2-d785-492f-8eaa-544a9c326082,aef8e0a4-10ed-4d14-9eb3-9d063fe6d8b5,874057f3-6a95-453d-8573-c217459f7c51,2024-05-14 11:56:34,Migration
d2b403a5-4396-4cf6-a94d-1114c8a72812,41650a4d-80a2-4320-ab4b-b47f5e48e611,c6bfca28-c2e2-4268-ac7f-2f888a5c6401,2024-06-26 05:39:46,Migration
a714678e-9eb6-4d8d-a29b-388ec45da0b0,d940057d-2e78-45f0-8903-0245e854eb7d,e64f2851-29a8-4c7e-83c0-58a984a05efd,2024-11-18 14:13:34,No usage
9d3e88a3-fcc8-407f-ac64-3ab8b84bc8f5,76ddc6de-ca8a-49e1-9773-efc91a38418b,cd925617-c58a-49c7-83d5-41cb7915836a,2024-02-06 05:24:25,Migration
dfd79818-8a34-46da-8941-99197a2cfa50,08bb062d-8396-4635-9564-e9260e7d9653,382a30ba-7fca-4b36-b4f8-14feb2a55572,2022-01-25 02:31:36,Cancellation
15d4b917-4ffc-4b42-b6c1-db57a2bb605d,7a322c1c-1af8-4e26-811a-2810949dd5ec,713b4916-11b7-44e2-adb2-6f39959206ae,2024-06-10 02:45:47,No usage
80e2a1e2-a6ef-4aab-8ff7-98664ab1cbb4,0a91637b-e0b9-4004-8080-54e7e60f6fb3,308a661f-1cae-4c0d-a556-c6757629b1dd,2022-09-27 19:43:51,Cancellation
d3f5547a-7385-4b84-be56-b7c6f48f10f6,f3dd6258-5108-46b4-8045-8df6bff5046d,4555fcf6-5a2e-408b-a40e-38d0a6da4bde,2024-05-10 10:26:38,Cancellation
36fc2ba6-cd32-4d56-a8f8-60120007e32f,da0a70f6-49ed-47af-9033-60aba5d0ceab,92281d5b-28df-4ff1-9663-dc6f0896606d,2023-06-25 02:28:20,Migration
898f5b8f-851e-421c-81d9-2a44c7d7c59d,36a69eb5-420a-4534-9486-10e01aa80aa3,449be6aa-4bbd-4733-b7e2-79353d4d7005,2024-09-22 19:04:28,Cancellation
6bb689dd-738a-4257-8239-6ebe5ae8b573,ae41c657-add8-4d05-89f4-579872be56f4,d3b58f8b-c9b8-449d-afa7-046a5607b449,2023-06-21 18:35:12,Migration
f179c7e1-1bb4-435b-89ce-f06fa74ae096,4eaa8816-2cef-45a0-9c4c-2dbc4bdf76de,b9d9e952-3729-466a-99e4-8cb64954f439,2023-03-04 22:21:12,Migration
7a8a930d-1ede-46fa-a498-04d0d215341b,e9c8894a-126c-4bbb-b1f6-fcb4e2ba9587,fd4f23c6-0e0b-4a1c-9527-77e78c0278ef,2023-06-17 16:24:22,Cancellation
d7179b9c-398c-45cd-98ad-b7f6c18127be,49fe1239-b2c4-47f9-ba5f-f918d24c3b2e,fd4f23c6-0e0b-4a1c-9527-77e78c0278ef,2022-10-18 06:27:35,Cancellation
2a2d83eb-f47c-4633-8bc1-407ddd0d7996,2145c853-25f2-4bc9-9f2b-b5ffc00f6284,6220054f-7c0d-4f92-8962-9682f69b589b,2024-10-29 09:09:04,Migration
8287312e-1e00-42f5-a9a2-3c8eb62105ea,d7313965-3c6b-40ce-80fd-aa4852964938,6465de2a-d171-47cf-8c70-c744338b243d,2024-04-17 08:59:44,No usage
e62e9894-7715-47ed-9bd2-3d26aa8844e9,f9013410-7639-4a52-b77d-aff9ae1d02e5,b0b30ba9-1373-4d34-b2e3-4950984f2c16,2023-04-09 08:02:56,No usage
42c3ebae-a419-4d63-a999-7e23518df897,485fbead-7959-4b94-918f-a1f2df4fd5d0,9c5f5fb0-1003-489d-a4f6-75cc1a8ae9c5,2023-05-24 08:20:42,Migration
e197cb0c-6e0f-468e-93a9-113e920cf0f3,9691758b-2654-4b44-8a3f-1ab2b4e9a6ea,f4a1dbe7-d8f0-42bc-82ab-fe34f249654a,2024-05-05 10:57:54,Cancellation
6316947b-2170-4e58-a740-7cadb55befe2,13ffad1d-dc0e-4b90-b912-5d2045e90d90,fd4f23c6-0e0b-4a1c-9527-77e78c0278ef,2024-03-27 20:33:03,Migration
75a3bd94-ba57-490a-91b9-3ca2c29fc840,a304113b-849a-406b-9157-4a0bcf3a74d2,382a30ba-7fca-4b36-b4f8-14feb2a55572,2023-03-22 23:09:35,No usage
5fb7a525-472b-4ddd-9e22-b7b1a22bab34,fc0082a7-0877-4c99-9887-b40ac41298ae,5050f307-f787-4047-8d37-2cedc48c3557,2022-03-11 09:14:40,Migration
87fefaa2-1931-456f-bd73-f979ee016aa2,6b9b5b8d-2ce3-43ac-b276-e56d88775bf4,07a8c1b6-edd7-42ea-8ee5-59501a0ec2fe,2024-12-19 17:27:40,No usage
73dfe4b9-3747-4f22-923c-1a5f9b21e5b9,c0c1ea96-0605-4237-9f8d-e8a083f9d5a6,9c5f5fb0-1003-489d-a4f6-75cc1a8ae9c5,2022-03-29 09:42:11,Migration
f7d7d2ee-c68f-4efe-bc60-755fb4f41dfe,71d7aeb6-09b5-45ba-8a35-562f6e461563,eab23103-61b8-42e6-b8e4-27bdae31cde6,2022-10-22 15:00:29,Cancellation
7f9c411d-3980-48b9-8945-9a77c855c864,38cfb2a3-1160-4a80-9c6a-32361af1a09b,96cee407-b3be-4f54-a08b-c4cf5f5f46ba,2023-05-01 14:14:26,Cancellation
ba0f8aab-b093-482e-90fa-8299caf94b93,f0e604ef-03fe-492f-bd9a-033bc707c25d,c47f4c8a-816e-4d6a-9b91-e79cf635d0e5,2024-04-09 13:18:09,No usage
1776000f-e5e6-4a75-9e91-ed315695db74,23e894de-0388-469c-a81c-2e47eb4ee34b,07a8c1b6-edd7-42ea-8ee5-59501a0ec2fe,2024-05-12 23:02:00,No usage
e2caa2e1-28cd-4809-a60e-390145818a9f,3288e955-c4df-4219-b3dc-3dafd220659b,c6bfca28-c2e2-4268-ac7f-2f888a5c6401,2024-12-24 18:18:02,No usage
4eb8e857-6ef2-4b1d-ba98-c168868614b4,c0d882ef-69b0-42ee-bea4-565e66d5099b,0b6d7c05-babf-4a3f-8a30-ace0df963ca7,2023-06-07 02:06:15,No usage
0515ef9f-6054-4c36-bcc2-d70e91c70686,b7423f21-1aea-437f-9e09-f249afe85659,a17c8e52-56cb-417f-9033-d0526bc2a589,2022-01-05 13:02:55,Cancellation
9fe71d46-bd48-4a78-a6ec-871fea176e44,b0511e01-a075-43a1-8745-594e84c7ea99,7b9cb9ef-0cd8-4b2b-83e0-3913fd70820d,2024-11-02 13:31:34,Cancellation
08911352-c81b-46c0-ab75-ce8a9472efff,9f184f93-deb9-4913-b308-e3cdab7744bf,07a8c1b6-edd7-42ea-8ee5-59501a0ec2fe,2024-07-14 04:45:27,Migration
43fff1f6-0493-4a5a-be96-bd01e5462ff7,4097493b-50eb-4d27-8f50-3cc75e7af01d,b1157b1e-d7ac-4a4f-8854-41f6d481c09b,2023-11-29 00:59:51,Cancellation
997f2804-73e5-4e3e-a669-e2de9aeb6c79,344ca139-bd44-4130-85c3-de33171e575f,0b6d7c05-babf-4a3f-8a30-ace0df963ca7,2022-09-16 13:54:43,No usage
8c09a6b5-ee1e-4376-ab3e-6a39286c1c04,62b35e80-2da2-4b9a-af5c-d994cf922985,d3b58f8b-c9b8-449d-afa7-046a5607b449,2022-02-06 20:54:19,No usage
4c0e13a0-f8fb-483d-beb3-14d734ed2bc5,96e192ed-fb23-439e-951a-87ea6b90fcc8,fda10fd5-4541-4e82-a935-3502434627b7,2024-07-31 09:03:11,No usage
2fe071de-272a-456a-9048-cf3346c36ace,a18cc2bc-3e98-4766-8ba5-7484481569d0,7f3e7563-8c1f-4547-a711-9cec2caa5a90,2024-02-28 14:59:15,No usage
20cc7e04-bb05-4f24-b554-56def07d095c,6e222d25-37a4-42a0-a1c6-7b623c6e3fca,32169ff7-ea26-43ca-9b8f-62b10788f98a,2023-01-09 18:47:33,Migration
9f82500d-115d-4e1a-a588-4b6522ae8458,baddefb9-5909-4155-99f0-64fe21d90227,449be6aa-4bbd-4733-b7e2-79353d4d7005,2024-02-07 01:33:30,Migration
1a3f9fd8-fa31-493d-80aa-5cde309ee1af,1028d6e1-7563-4d50-a37b-6fbe9a6b786e,c68acfda-6db5-405f-ab3d-9e54547cc5df,2024-09-09 09:27:33,Cancellation
79eede47-3922-46ff-9ca5-9ccf89e5485c,8eaf4016-f67e-4337-91d8-593d184f69f6,9768f287-3f7c-4f3f-9e85-28beb8a815f6,2023-11-17 21:44:34,No usage
ae32c530-2164-481a-9140-a498226562cc,bda18850-6ff3-4190-8064-30cbb80e9b8f,32169ff7-ea26-43ca-9b8f-62b10788f98a,2024-12-16 12:56:06,No usage
c22163a5-2ad8-4c75-8d1b-3637510ab32e,6942cb2b-83c7-47aa-b5e3-e6857e58075f,f97e321b-ac65-4057-a901-09668427a33d,2023-07-14 09:49:34,Migration
b5d465a3-acaf-4727-b406-d396816e52f2,04e8b549-2d2a-40e3-8341-d9840968e480,5050f307-f787-4047-8d37-2cedc48c3557,2023-07-18 21:51:29,No usage
d5efb7a9-f753-4803-9479-32493b4fa0f0,954aa6ca-dbbd-4192-b53a-c5d30a8b0e43,32169ff7-ea26-43ca-9b8f-62b10788f98a,2024-01-04 03:23:29,Migration
60061819-f8b5-416f-b4f3-5b6459316c85,8466c320-edcd-4128-9bd6-e9581440f3e9,b1157b1e-d7ac-4a4f-8854-41f6d481c09b,2023-01-28 11:27:49,No usage
0a611c16-dbc8-4497-977d-8d8cea931cd8,e760bbb1-95fe-4cea-a75f-c088e9011734,4898deb9-da65-4a99-9f17-e013bc3c25cc,2024-03-27 05:21:39,Migration
2dd52ab2-92b7-4e60-918e-312bb6327e35,69dfa322-2ba0-4b38-af38-37f65a0819af,408d6888-5f5c-4dd1-8d5e-e6145ccf5268,2023-08-12 23:23:33,No usage
8cc49264-26f0-4e99-a502-77b18ea3d4e8,3288e955-c4df-4219-b3dc-3dafd220659b,c6bfca28-c2e2-4268-ac7f-2f888a5c6401,2023-09-29 09:37:28,No usage
1e099c1c-959d-4801-8f4d-cc257ce3115b,3baf019a-13d7-434a-a521-042d4f3574a3,f4a1dbe7-d8f0-42bc-82ab-fe34f249654a,2022-02-26 08:01:53,No usage
f625ed4c-e562-4543-be42-bf048459521e,2a59537a-023c-417e-b66c-0f07ddc4919f,986cb746-08a3-4f11-a5bd-6ffb7c73a883,2023-07-20 06:52:55,Migration
b00c27cd-52dc-47ce-829f-ef513e855724,624c5d76-971b-42a5-8a9a-9582986962ae,f556ace5-b699-4fcf-a271-5d9f7351ad1f,2022-08-13 05:22:31,No usage
d9d2bfc1-6f6a-43dd-8e08-2f3af407e91f,a80d3f00-c79e-43c5-9229-8bcad6419264,65571c78-d8ce-46d8-8fd7-1d487c346d71,2022-12-16 19:40:11,No usage
a1951a67-fef2-4a17-9b4f-4069ae9104bf,45620c76-da67-4aa6-adf2-34cb7bd78317,ca6a3dd3-f966-452a-80ca-0cc1486d9554,2024-07-22 11:20:12,No usage
af1ce67a-56ad-49ab-9049-77259449aa6f,03a786ac-49b5-42ab-9760-0067d71d72ae,986cb746-08a3-4f11-a5bd-6ffb7c73a883,2022-03-28 03:14:16,Migration
f83fdbe4-cc68-43da-8a7b-0f8cd0f6c6a8,950a39db-70bc-4963-a48c-48e07a1e8351,07a8c1b6-edd7-42ea-8ee5-59501a0ec2fe,2024-04-08 06:20:33,No usage
2c342b56-9ea9-49eb-a40d-d5b4bea2a389,fb6497c2-16bd-41da-b353-32d479b62a4a,7b9cb9ef-0cd8-4b2b-83e0-3913fd70820d,2022-08-19 14:03:54,Migration
403c3b67-6a38-4d9d-a2a7-54af9aab5f60,f915296e-e945-450c-812c-40898baae3a4,408d6888-5f5c-4dd1-8d5e-e6145ccf5268,2022-12-20 17:40:30,Migration
c5291541-d503-4cfa-a8b5-026bdcd8f8f8,da0477c9-c717-480b-b6a7-9e36c64a5b89,0b6d7c05-babf-4a3f-8a30-ace0df963ca7,2022-08-19 23:46:47,No usage
40f7f0f8-4fb8-4a9e-a8a5-4012fc1caa5c,8e37c97f-5d95-46c8-a5b9-c5b48e266deb,4555fcf6-5a2e-408b-a40e-38d0a6da4bde,2024-10-08 15:31:57,Migration
09abe433-8611-4f71-861d-46d312884c54,3993e7ba-97ef-4ef3-85c9-39f4eeee47fb,408d6888-5f5c-4dd1-8d5e-e6145ccf5268,2024-07-03 01:56:16,No usage
387ddd57-6922-4ffa-a307-73d4c8eda26e,8844cb0c-df6f-4392-816a-675d1938d2fd,c133e573-2208-4233-91cd-3d742dfb8915,2024-11-22 09:39:01,Migration
b147646b-6352-4eb8-b410-962b7dffb576,387d54fe-0f31-420f-a7f6-b1c8997255bb,7f3e7563-8c1f-4547-a711-9cec2caa5a90,2022-08-29 04:21:17,No usage
eb382691-1e23-4313-8ae9-971b4d2d5597,0531e314-1623-438a-8dce-d5b73df3c4c3,4555fcf6-5a2e-408b-a40e-38d0a6da4bde,2024-09-01 03:14:12,Migration
27bad30d-603f-462e-b200-cfa49543d8b0,e00fc0c9-3321-464e-98aa-be16c191fed8,a17c8e52-56cb-417f-9033-d0526bc2a589,2024-02-24 16:56:15,Cancellation
f245b0e4-b512-4c29-810c-e97952e800c1,6bba42b0-a470-4e6f-a00c-475a7fd1359c,f8e719a4-7253-49a7-b6b4-80ac6afd68e7,2022-12-02 09:36:19,No usage
a91bee7b-c25f-4be4-8456-f5fe153f52a3,254f1e84-36cb-480c-88f7-3d452547c7c6,6465de2a-d171-47cf-8c70-c744338b243d,2022-08-08 13:21:48,Migration
42382f71-0b93-4656-9598-0f795cd8779b,ba18272f-6873-4c06-bc92-45f54cee4673,6220054f-7c0d-4f92-8962-9682f69b589b,2024-05-21 10:02:11,No usage
87b26773-8501-43f7-809a-26c869df4013,abad647b-1615-4051-9529-f0e6110bfbc4,7f3e7563-8c1f-4547-a711-9cec2caa5a90,2023-06-24 03:37:32,Migration
4f0117f3-e62d-49fc-afed-b8222d7c0a1d,5940f2e8-9b39-4065-87fd-f0ae688878e6,c133e573-2208-4233-91cd-3d742dfb8915,2023-02-22 14:40:06,Cancellation
442eb3e1-2d80-40aa-9214-258d9b98b35a,dfafcaac-3a3c-4996-a2fb-968693ddd840,eab23103-61b8-42e6-b8e4-27bdae31cde6,2023-06-24 10:34:08,Migration
d2fae936-9b07-4ae5-b36e-3385aadea2b0,c25f6f0d-9afe-4d0c-8501-540626f3da36,7b9cb9ef-0cd8-4b2b-83e0-3913fd70820d,2024-05-14 23:58:26,Migration
4803d134-9a43-4d46-8992-e3704f81ecad,1698f9f8-84ac-47d5-92bb-ef4dfbbb45c7,b9d9e952-3729-466a-99e4-8cb64954f439,2023-03-07 07:45:51,Migration
82ea1fe8-5122-4a05-bd98-17b2348c9912,2e7321f1-0d49-461d-8a3e-4f67fd61cbbe,382a30ba-7fca-4b36-b4f8-14feb2a55572,2023-11-28 02:32:14,Migration
409098a1-5240-4c99-b3a1-6da88173c978,bc01f06f-668d-408a-bb3f-5d204b61ef79,9768f287-3f7c-4f3f-9e85-28beb8a815f6,2022-10-01 12:49:46,Cancellation
522a6c5a-534c-49be-bf6b-fa76844cb1ec,2864f9d7-c950-40f2-9d38-4a31d57f7cee,92281d5b-28df-4ff1-9663-dc6f0896606d,2022-01-17 07:00:07,No usage
ac3a8d59-acb5-4ccc-9390-157f6211d5e4,da77267b-14e3-4bd8-a939-45fec5b36dc0,4898deb9-da65-4a99-9f17-e013bc3c25cc,2022-07-11 05:33:02,No usage
4ec194c5-3850-4217-aa1c-af5534d3bf3f,3bdea2e0-b08f-46e5-b0c9-b20decbaadb4,713b4916-11b7-44e2-adb2-6f39959206ae,2022-03-13 15:58:02,No usage
1edfe0eb-46fb-4bcc-a52c-9ac3768feade,ce76f493-dd36-499c-b337-4fc1f0fb49c3,b9d9e952-3729-466a-99e4-8cb64954f439,2024-09-08 08:35:54,No usage
7c167524-e254-419f-b126-447644222b81,9a76fc31-5e73-4d6f-96c5-f0465578c10a,b0b30ba9-1373-4d34-b2e3-4950984f2c16,2023-04-25 04:53:54,Migration
af094c19-d456-4efa-84d6-a740d9d83173,215c521a-5bec-42d9-a2de-a2d5ccb4ebd7,f8e719a4-7253-49a7-b6b4-80ac6afd68e7,2024-01-21 10:08:15,No usage
e1e88fd5-59d1-44bd-8677-265c8b4f4fbb,03515c12-6883-4f02-90d8-c7ac410e0ea7,96cee407-b3be-4f54-a08b-c4cf5f5f46ba,2024-04-25 12:06:40,No usage
1f15b94b-4450-42d7-a456-4cb2f115f547,18287a37-e3a8-4229-961d-dc47a0fa9a4b,5050f307-f787-4047-8d37-2cedc48c3557,2022-02-22 02:39:31,Migration
0dd1ebf2-3ee0-47e6-b611-189412191929,c990d504-faf0-45eb-bf4b-431c85f8ca09,b1157b1e-d7ac-4a4f-8854-41f6d481c09b,2024-03-10 18:18:12,Cancellation
551e564a-6782-4e1f-afaf-bac16490e6fc,027d2d4d-0f47-4972-b9be-01a50343d9e8,e64f2851-29a8-4c7e-83c0-58a984a05efd,2023-08-05 09:39:26,Cancellation
5fa44c86-0c86-49b7-846a-380466f5195f,73f8c148-2d93-41c1-9654-a9621ba0b2fb,ce373f7b-ea9d-41e8-85b7-a385636a93e7,2023-11-04 03:31:05,Cancellation
262779be-15f3-44b1-9aff-7b52aea39d5c,3d052c26-3ab9-4a5b-9f4c-6e8ac0e75e36,9c5f5fb0-1003-489d-a4f6-75cc1a8ae9c5,2023-01-30 23:56:57,Cancellation
c9196028-b953-4be1-8159-5c18d6197fdc,e97572f4-3daa-40c7-bdb2-c0be06c206e6,65571c78-d8ce-46d8-8fd7-1d487c346d71,2023-02-16 04:49:36,Cancellation
0a58483c-58fa-4f83-9825-4a8b42455c87,2df37825-4cbf-4148-9c66-75fa7d55abf1,9c5f5fb0-1003-489d-a4f6-75cc1a8ae9c5,2022-02-14 22:05:10,Migration
11e9b3f3-f100-4fd6-a933-3f022ebda1bf,40bb61fe-a1ac-4088-8bb5-2e943b26d77b,986cb746-08a3-4f11-a5bd-6ffb7c73a883,2023-05-02 01:46:24,Cancellation
1f154840-3a96-43d5-a828-bd5d7729a47f,2c112398-5ffd-449a-a396-6737293a592d,ce373f7b-ea9d-41e8-85b7-a385636a93e7,2024-05-26 13:50:48,No usage
ebde8c9a-6537-47b3-a2ad-d73eb9be5ddc,fc2c809a-c17d-4793-9e04-2787b14634c9,f556ace5-b699-4fcf-a271-5d9f7351ad1f,2022-09-21 15:34:53,Cancellation
62c3959f-4ce8-45f2-9d94-18fcaffd9a80,c171cd10-9d41-4fcc-8c83-9dad804623c9,9c5f5fb0-1003-489d-a4f6-75cc1a8ae9c5,2022-10-03 04:43:08,Migration
929e7849-542a-4371-8b81-03545f992fb0,d940057d-2e78-45f0-8903-0245e854eb7d,07a8c1b6-edd7-42ea-8ee5-59501a0ec2fe,2022-08-18 19:42:56,Cancellation
